Patent,Table,Name,Protein,position,SEQIDNO,Peptide,Allele,C50(uM),Concentration of the peptide required for half maximal binding to HLA-A,,,,,,,,,,,,
US8318174B2,1,HIV-1,pol,476-484,11,ILKEPVHGV,HLA-A2,0.7,,,,,,,,,,,,,
US8318174B2,1,Sur1,Surviving,96–104,10,LTLGEFLKL,HLA-A2,>100,,,,,,,,,,,,,
US8318174B2,1,Sur2,Surviving,133-141,12,RAIEQLAAM,HLA-A2,NB,,,,,,,,,,,,,
US8318174B2,1,Sur3,Surviving,130-138,13,KVRRAIEQL,HLA-A2,>100,,,,,,,,,,,,,
US8318174B2,1,Sur4,Surviving,20-28,14,STFKNWPFL,HLA-A2,NB,,,,,,,,,,,,,
US8318174B2,1,Sur5,Surviving,88-96,15,SVKKQFEEL,HLA-A2,NB,,,,,,,,,,,,,
US8318174B2,1,Sur6,Surviving,101-109,1,FLKILDRERA,HLA-A2,30,,,,,,,,,,,,,
US8318174B2,1,Sur7,Surviving,127-135,16,TAKKVRRAI,HLA-A2,NB,,,,,,,,,,,,,
US8318174B2,1,Sur8,Surviving,5-14,2,TLPPAWQPFL,HLA-A2,30,,,,,,,,,,,,,
US8318174B2,1,Sur9,Surviving,95–104,3,ELTLGEFLKL,HLA-A2,10,,,,,,,,,,,,,
US8318174B2,1,Sur10,Surviving,126-135,17,ETAKKVRRAI,HLA-A2,NB,,,,,,,,,,,,,
US8318174B2,1,Sur1L2,,96–104,4,LLLGEFLKL,HLA-A2,1,,,,,,,,,,,,,
US8318174B2,1,Sur1M2,,96–104,5,LMLGEFLKL,HLA-A2,1,,,,,,,,,,,,,
US8318174B2,3,Sur6-14,Surviving,6-14,18,LPPAWQPFL,HLA-B35,>100,,,,,,,,,,,,,
US8318174B2,3,Sur11-19,Surviving,11-19,19,QPFLKDHRI,HLA-B35,NB,,,,,,,,,,,,,
US8318174B2,3,Sur34-43,Surviving,34-43,20,TPERMIAEAGF,HLA-B35,>100,,,,,,,,,,,,,
US8318174B2,3,Sur46-54,Surviving,46-54,6,CPTENEPDL,HLA-B35,20,,,,,,,,,,,,,
US8318174B2,3,Sur51-59,Surviving,51-59,7,EPDLAQCFF,HLA-B35,13,,,,,,,,,,,,,
US8318174B2,3,Sur46Y9,,46-54,8,CPTENEPDY,HLA-B35,4,,,,,,,,,,,,,
US8318174B2,3,Sur51Y9,,51-59,9,EPDLAQCFY,HLA-B35,1.5,,,,,,,,,,,,,
US8318174B2,3,C24,EBNA3A,458-466,21,YPLHEQHQM,HLA-B35,0.8,,,,,,,,,,,,,
US8318174B2,4,Sur14-22,Surviving,14-22,,LKDHRISTF,HLA-A1,NB,,,,,,,,,,,,,
US8318174B2,4,Sur51-59,Surviving,51-59,,EPDLAQCFF,HLA-A1,NB,,,,,,,,,,,,,
US8318174B2,4,Sur38-46,Surviving,38-46,,MAEAGFIHC,HLA-A1,NB,,,,,,,,,,,,,
US8318174B2,4,Sur93-101,Surviving,93-101,,FEELTLGEF,HLA-A1,>100,,,,,,,,,,,,,
US8318174B2,4,Sur34-43,Surviving,34-43,,TPERMAEAGF,HLA-A1,NB,,,,,,,,,,,,,
US8318174B2,4,Sur47-56,Surviving,47-56,,PTENEPDLAQ,HLA-A1,NB,,,,,,,,,,,,,
US8318174B2,4,Sur49-58,Surviving,49-58,,ENEPDLAQCF,HLA-A1,NB,,,,,,,,,,,,,
US8318174B2,4,Sur92-101,Surviving,92-101,,OFEELTLGEF,HLA-A1,2,,,,,,,,,,,,,
US8318174B2,4,C1,,,28,VSDGGPNLY,HLA-A1,0.8,,,,,,,,,,,,,
US8318174B2,4,Sur14Y9,Mimotope,14-22,,LKDHRISTY,HLA-A1,NB,,,,,,,,,,,,,
US8318174B2,4,Sur51Y9,,51-59,,EPDLAQCFY,HLA-A1,Weak binding,,,,,,,,,,,,,
US8318174B2,4,Sur93Y9,,93-101,,FEELTLGEY,HLA-A1,NB,,,,,,,,,,,,,
US8318174B2,4,Sur92Y9,,92-101,,QFEELTLGEY,HLA-A1,NB,,,,,,,,,,,,,
US8318174B2,4,Sur34Y9,,34-43,,TPERMAEAGY,HLA-A1,NB,,,,,,,,,,,,,
US8318174B2,4,Sur49Y9,,49-58,,ENEPDLAQCY,HLA-A1,NB,,,,,,,,,,,,,
US8318174B2,4,Sur92T2,,92-101,,QTEELTLGEF,HLA-A1,2,,,,,,,,,,,,,
US8318174B2,4,Sur92S2,,92-101,,QSEELTLGEF,HLA-A1,100,,,,,,,,,,,,,
US8318174B2,4,Sur93T2,,93-101,,FTELTLGEF,HLA-A1,1,,,,,,,,,,,,,
US8318174B2,4,Sur93S2,,93-101,,FSELTLGEF,HLA-A1,30,,,,,,,,,,,,,
US8318174B2,4,Sur38Y9,,38-46,,MAEAGFIHY,HLA-A1,0.8,,,,,,,,,,,,,
US8318174B2,4,Sur47Y10,,47-56,,PTENEPDLAY,HLA-A1,0.4,,,,,,,,,,,,,
US8318174B2,4,Sur4-14,Surviving,4-14,,PTLPPAWQPFL,HLA-A2,NB,,,,,,,,,,,,,
US8318174B2,4,Sur18-28,Surviving,18-28,,RISTFKNWPFL,HLA-A2,69,,,,,,,,,,,,,
US8318174B2,4,Sur54-64,Surviving,54-64,,LAQCFFCFKEL,HLA-A2,NB,,,,,,,,,,,,,
US8318174B2,4,Sur86-96,Surviving,86-96,,FLSVKKQFEEL,HLA-A2,72,,,,,,,,,,,,,
US8318174B2,4,Sur88-98,Surviving,88-98,,SVKKQFEELTL,HLA-A2,NB,,,,,,,,,,,,,
US8318174B2,4,Sur103-113,Surviving,103-113,,KLDRERAKNKI,HLA-A2,NB,,,,,,,,,,,,,
US8318174B2,4,EBV,BMLF1,,72,GLCTLVAML,HLA-A2,3,,,,,,,,,,,,,
US8318174B2,4,"HIV,",Pol,,73,ILKEPVHGV,HLA-A2,0.2,,,,,,,,,,,,,
US8318174B2,4,,Surviving,5-13,,TLPPAWQPF,HLA-A3,NB,,,,,,,,,,,,,
US8318174B2,4,,Surviving,53-61,,DLAQCFFCF,HLA-A3,NB,,,,,,,,,,,,,
US8318174B2,4,,Surviving,54-62,,LAQCFFCFK,HLA-A3,NB,,,,,,,,,,,,,
US8318174B2,4,,Surviving,95-103,,ELTLGEFLK,HLA-A3,>100,,,,,,,,,,,,,
US8318174B2,4,,Surviving,112-120,,KIAKETNNK,HLA-A3,2,,,,,,,,,,,,,
US8318174B2,4,,Surviving,13-22,,FLKDHRISTF,HLA-A3,NB,,,,,,,,,,,,,
US8318174B2,4,,Surviving,18-27,,RISTFKNWPF,HLA-A3,NB,,,,,,,,,,,,,
US8318174B2,4,,Surviving,53-62,,DLAQCFFCFK,HLA-A3,100,,,,,,,,,,,,,
US8318174B2,4,,Surviving,84-93,,CAFLSVKKQF,HLA-A3,NB,,,,,,,,,,,,,
US8318174B2,4,,Surviving,101-110,,FLKLDRERAK,HLA-A3,NB,,,,,,,,,,,,,
US8318174B2,4,,Surviving,103-112,,KLDRERAKNK,HLA-A3,NB,,,,,,,,,,,,,
US8318174B2,4,,Surviving,112-121,,KTAKETNNKK,HLA-A3,1,,,,,,,,,,,,,
US8318174B2,4,,Surviving,113-122,,IAKETNNKKK,HLA-A3,NB,,,,,,,,,,,,,
US8318174B2,4,C3,,Control,,ILRGSVAHK,HLA-A3,0.1-0.3,,,,,,,,,,,,,
US8318174B2,4,Sur5K9,,5-13,,TLPPAWQPK,HLA-A3,2,,,,,,,,,,,,,
US8318174B2,4,Sur53K9,,53-61,,DLAQCFFCK,HLA-A3,NB,,,,,,,,,,,,,
US8318174B2,4,Sur54L2,,54-62,,LLQCFFCFK,HLA-A3,1,,,,,,,,,,,,,
US8318174B2,4,Sur13K9,,13-22,,FLKDHRISTK,HLA-A3,NB,,,,,,,,,,,,,
US8318174B2,4,Sur18K10,,18-27,,RISTFKNWPK,HLA-A3,0.02,,,,,,,,,,,,,
US8318174B2,4,Sur113L2,,113-122,,ILKETNNKKK,HLA-A3,>100,,,,,,,,,,,,,
US8318174B2,4,SurEx3-A3-1,,,,TIRRKNLRK,HLA-A3,0.5,,,,,,,,,,,,,
US8318174B2,4,SurEx3-A3-2,,,,PTIRRKNLRK,HLA-A3,NB,,,,,,,,,,,,,
US8318174B2,4,Sur2b-A3-1,,,,RITREEHKK,HLA-A3,NB,,,,,,,,,,,,,
US8318174B2,4,InfluenzaA,nucleoprotein,265-273,,ILRGSVAHK,HLA-A3,0.1,,,,,,,,,,,,,
US8318174B2,4,,Surviving,5-13,,TLPPAWQPF,HLA-A11,NB,,,,,,,,,,,,,
US8318174B2,4,,Surviving,53-61,,DLAQCFFCF,HLA-A11,NB,,,,,,,,,,,,,
US8318174B2,4,,Surviving,54-62,,LAQCFFCFK,HLA-A11,0.4,,,,,,,,,,,,,
US8318174B2,4,,Surviving,95-103,,ELTIGEFLK,HLA-A11,NB,,,,,,,,,,,,,
US8318174B2,4,,Surviving,112-120,,KIAKETNNK,HLA-A11,1,,,,,,,,,,,,,
US8318174B2,4,,Surviving,13-22,,FLKDHRISTF,HLA-A11,NB,,,,,,,,,,,,,
US8318174B2,4,,Surviving,18-27,,RISTEKNWPF,HLA-A11,NB,,,,,,,,,,,,,
US8318174B2,4,,Surviving,53-62,,DLAQCFFCFK,HLA-A11,5,,,,,,,,,,,,,
US8318174B2,4,,Surviving,84-93,,CAFLSVKKQF,HLA-A11,NB,,,,,,,,,,,,,
US8318174B2,4,,Surviving,101-110,,FLKLDRERAK,HLA-A11,NB,,,,,,,,,,,,,
US8318174B2,4,,Surviving,103-112,,KLDRERAKNK,HLA-A11,NB,,,,,,,,,,,,,
US8318174B2,4,,Surviving,112-121,,KIAKETNNKK,HLA-A11,>100,,,,,,,,,,,,,
US8318174B2,4,,Surviving,113-122,,IAKETNNKKK,HLA-A11,NB,,,,,,,,,,,,,
US8318174B2,4,C4,,,,AVFDRKSDAK,HLA-A11,0.2,,,,,,,,,,,,,
US8318174B2,4,,Surviving,6-14,,LPPAWQPFL,HLA-B7,>100,,,,,,,,,,,,,
US8318174B2,4,,Surviving,11-19,,QPFLKDHRI,HLA-B7,>100,,,,,,,,,,,,,
US8318174B2,4,,Surviving,46-54,,CPTENEPDL,HLA-B7,NB,,,,,,,,,,,,,
US8318174B2,4,,Surviving,51-59,,EPDLAQCFF,HLA-B7,NB,,,,,,,,,,,,,
US8318174B2,4,,Surviving,34-43,,TPERMAEAGF,HLA-B7,NB,,,,,,,,,,,,,
US8318174B2,4,C6,,,,QPRAPIRPI,HLA-B7,0.1,,,,,,,,,,,,,
US8318174B2,4,C7,,,,RPPIFIRRL,HLA-B7,0.5,,,,,,,,,,,,,